{"cameraMode":{"drawMode":0,"name":"Shaded","section":"Shading Mode"},"sceneLighting":true,"audioPlay":false,"sceneViewState":{"showFog":true,"showMaterialUpdate":false,"showSkybox":true,"showFlares":true,"showImageEffects":true,"showParticleSystems":true,"showVisualEffectGraphs":true,"m_FxEnabled":true},"in2DMode":false,"pivot":{"x":-0.15828832983970643,"y":1.7675323486328126,"z":0.058810554444789889},"rotation":{"x":0.04863044619560242,"y":-0.67772376537323,"z":0.045007262378931048,"w":0.7323318719863892},"size":1.3650071620941163,"orthographic":false}